challenge,effort,grade,location,resp_time
2,1,1,"43.70431894,-72.28361097",2013-04-28 22:23:10
