challenge,effort,grade,location,resp_time
1,1,2,"43.70254396,-72.29281415",2013-05-12 01:57:30
