challenge,effort,grade,location,resp_time
1,1,5,"43.63746124,-72.24829138",2013-05-04 22:29:57
