challenge,effort,grade,location,resp_time
1,1,1,"43.70691563,-72.28615388",2013-04-25 20:32:13
