challenge,effort,grade,location,resp_time
1,1,1,"43.70623193,-72.28691743",2013-04-26 01:40:31
