challenge,effort,grade,location,resp_time
2,1,1,"43.70462528,-72.30440054",2013-04-30 23:22:19
