challenge,effort,grade,location,resp_time
1,1,1,"43.70870796,-72.28461773",2013-04-25 22:00:38
