duration,enjoy,location,resp_time
4,2,"43.70861857,-72.28240464",2013-05-13 22:16:38
