duration,enjoy,location,resp_time
1,3,"43.70716636666667,-72.28887943333334",2013-04-23 19:02:17
