duration,enjoy,location,resp_time
8,2,"43.70303414,-72.28449439",2013-05-02 19:59:35
