duration,enjoy,location,resp_time
4,3,"43.70417765,-72.28574551",2013-05-10 21:31:03
