duration,enjoy,location,resp_time
6,2,"43.70425769,-72.28391582",2013-04-23 21:31:52
