duration,enjoy,location,resp_time
5,3,"43.7049972,-72.29464306",2013-05-02 19:35:04
