duration,enjoy,location,resp_time
4,3,"43.63765103,-72.24846227",2013-05-07 17:59:10
