duration,enjoy,location,resp_time
10,3,"43.70718673,-72.29319969",2013-04-23 18:00:18
