duration,enjoy,location,resp_time
5,4,"43.7070740852505,-72.28581625968218",2013-05-24 01:27:27
