duration,enjoy,location,resp_time
4,4,"43.70527147,-72.28322309",2013-05-13 21:03:25
