location,resp_time,words
"43.70432976,-72.28372078",2013-04-24 20:31:17,Absurd
