location,resp_time,words
"43.70696392,-72.28734398",2013-05-07 00:03:37,excited
