location,resp_time,words
"41.23064284,-73.0728831",2013-04-25 04:00:20,unnecessary
