location,resp_time,words
"43.70669199,-72.28789056",2013-04-25 02:02:18,grateful
