location,resp_time,words
"43.70691563,-72.28615388",2013-04-25 20:32:13,happy
