location,resp_time,words
"43.70284192,-72.28973913",2013-04-24 21:02:53,unnecessary
