location,resp_time,words
"43.70780167305154,-72.28728301074209",2013-04-25 02:03:08, restful and productiv
