location,resp_time,words
"43.70593948,-72.28355406",2013-04-24 20:00:20,nervous 
