location,resp_time,words
"43.70397847,-72.28588885",2013-04-25 06:01:09,meh
