location,resp_time,words
"43.69935873,-72.28135033",2013-04-25 02:49:27,needed
