location,resp_time,words
"43.70640943,-72.28705125",2013-04-24 21:38:40,no
