Social2,null,resp_time,other_relaxing,other_working,relaxing,working,location
"['2', '1', '1', '2', '3', '1', '2', '2', '2', '2', '1', '2']","['1', '1', '3', '1', '2', '1', '3', '1', '1', '4', '1', '3']","[1364437400, 1364573072, 1364504860, 1364590818, 1364617147, 1365046611, 1364915453, 1365023792, 1365194108, 1365299931, 1365307422, 1365393988, 1365488024, 1365538292, 1365578172, 1366230442, 1366319232, 1365693241, 1365922113, 1366006201, 1366841242, 1366662302, 1367177028, 1366910598, 1366996860, 1368742899, 1368656173, 1370201565, 1370375060, 1370634355, 1376106234]","['2', '1', '1', '1', '1', '1', '4', '5', '1', '1', '1', '2', '1', '1', '1', '1', '1', '1', '1']","['2', '4', '4', '5', '3', '3', '3', '1', '1', '1', '5', '4', '3', '3', '2', '2', '1', '3', '1']","['2', '1', '1', '1', '1', '1', '2', '1', '4', '1', '3', '3', '1', '1', '1', '3', '1', '1', '1']","['3', '1', '3', '1', '2', '2', '2', '1', '3', '3', '2', '2', '2', '3', '2', '2', '1', '3', '1']","['null', '43.75923622,-72.32892739', '43.70043872,-72.28947989', 'Unknown', '43.70538232,-72.28829514', '43.73657036,-72.31722019', '41.86801662,-71.42865865', '43.7063807,-72.28761844', '43.75938059,-72.32893392', '43.70027628,-72.29281137', '43.7074347,-72.28743734', '43.70579481,-72.28577693']"
